nagato,2e753cfdc3f54df177cfa99468ad9502
mutsu,a1d8399151bf83271831bcee7a2e7a50
ise,4d643b1bd384922ca968749b93b81db5
hyuga,77f33475e20fba89eb23ca0d16392a23
yukikaze,95ef62b0a8cbf048993404e3db65a299
akagi,3ffdca867bd294a890bef8eec470824f
kaga,4c9a0eb89344b0229a70044a5c939046
soryu,9d8b3b5350b2d78fb3d1b43a6fd5b0cf
hiryu,5ab4ade4d77c783a510387c1bbcb2f89
shimakaze,afb47dd6c3ad86561225350a5a38716a
hubuki,a334e5fc06ffbb808839e55debc3fd17
shirayuki,ba56ccce42304ab931a07eea03be363d
hatsuyuki,dd26fd178540166a6b546fbc33fa3b4a
miyuki,c6277717a4cb5697348e081f5753a33c
murakumo,f9d6570707ad159e394af490b3885c49
isonami,1d89a41024eb38972f0887cb8c9f9ef9
ayanami,b48d3e072234aa73a0eeb3e31e72c4d8
shikinami,11973c9a8bcf38f5c71966ccd62794db
oi,a2e63ee01401aaeca78be023dfbb8c59
kitakami,0f44588f263678d2254a9a18778810d4
kongo,0b260fe482e3198dbeffdb24cc3820ed
hiei,2875d15b3962c0e4e723a68f447dca2a
haruna,c82cfc524aa9a7e402d7a508b491b57b
kirishima,750c09b6c1869b783d2d8f4ac464fa0a
hosho,ee87ebaf6b7f79680c58ea1245dcc76c
huso,d5fe63abe1bf5b2c847ec3f6bb7a284f
yamashiro,d141041e45b2d629d33fc64dfb4bf203
tenryu,4a97838b7e965d05c54d8ec2ffef0e61
tatsuta,35a7b4a2e59ccb7e6f74200fd3d34652
ryujo,54c6bfd63ca0ef4a4aee42ba28ecb83f
mutsuki,799009a2bc18681eb5cf51770d6da394
kisaragi,3322423069709d61754664b08360dfde
satsuki,66f48a68ba51eb344e38fa929a1ff967
humiduki,e15e838ec035076c370a2c40a11909be
nagatsuki,f66dd27107e595ecfd712c960659557e
kikuduki,d42c0e19f43f2230a5d6219699e1b8b8
mikaduki,0b12bc044f040698d14ed6dffc98af70
motiduki,09f5e829998b60ee884ddfdf9a856eb8
kuma,8c9d806c6d2e80e87b60e1e860042303
tama,407b056f5e6197a948b7f836567fb63d
kiso,a4a8fdf9a97bfeeb48be6f5f3392e2f7
nagara,660f8af5064f2fbb11a381ac8842655f
isuzu,ce4a9e276c37e83dc7633c956fe06353
natori,2d12286102c947d1b6b760f635e4b964
yura,bc759e17ff6499e8537e1f34eac176f5
sendai,76cece31ec2da2c76cb4b8627cf3baa1
jintsu,e4146613d590486900ec3d5a9638109b
naka,eaa46f8ce06a37d2d6953b021049d7f0
chitose,bc8e4de752f7ad18539670bb82df24fe
chiyoda,99bf54ac23023250a36f5467e3509df5
mogami,ac71fdeb2f1797373ed59db3ab44d3c9
hurutaka,76deb6bf41f4fd06cdb7af0f57f7595a
kako,ccf4ea1073d17b7640fc146a324d8b2a
aoba,eaa171a95386b61263c17796fdac9873
myoko,455502a3731c8655582c06c5b0660044
nachi,449367a9bbc5ea9a98b80a6a7c453128
ashigara,98e5e12da9267c2285da3bc928d26b1e
haguro,d7512620905887a2d6c700d631fc3da2
takao,ef1c5287a3d35e3228b12c0849cfacbe
atago,b38b463af6821d3339b83a8f8498dd37
maya,b2693d9c2124f3ca9547b897794ac6a1
tyokai,98344536e9ac3d49073d0197816b6fb2
tone,f303f9a15cddbe8ee0296511a8b04b30
tikuma,ce8a3f35a0c908ab3ebfb9a118ce5e56
hiyo,7c84c91c5a3cb6e795b1d7fb4b54e014
junnyo,438ae04eac0d807074ab4bda408f63cc
oboro,935d8f708a87e7440b4419d7331db234
akebono,898884d2676f522dfef0a1f24b290d8d
sazanami,a68c7401fdde3668b62e109e000f6ba5
ushio,13e372c71696632d4334ea1729b017a4
akatsuki,3623e1fcdd2ab9f80f1aa1de5ec9ee62
hibiki,8a9be3c04a46bc495f4a840379be1aa9
ikaduti,fd0f6453489e61a98f24e99ea475fad1
inaduma,76db9a1bd693e5f5eb98a194d4a300fa
hatsuharu,f3a77c736899fec4f7829405364ed459
nenohi,2718803cfe076b1be31161c5bad80f89
wakaba,14cbf0b2dbdcdec09cb7e97dbeb28d5c
hatsushimo,421eaed3febd21967aecd722622a099b
shiratsuyu,2f35ff18fd9c9f4e415c8ad4ce2a5ddc
shigure,930c50726511c5e5da5bbdb9e30a636e
murasame,6961b5e4224744e72141ef56ca16a0be
yudati,829b293de0b3b9bbc9129e840b079d8c
samidare,060a5c805ccaa344c13e729b9c7a73c4
suzukaze,7ab9263fa8efb2102cc62aee82593f8e
asashio,01afcbd4a98519b06a1b4a79c9981271
ooshio,c461881df8ff2d214164fd45737ab502
michishio,f79967784808f31956308645e5e629c1
arashio,ee9cf10dbbb105c59282adc6143eec61
arare,5cd7beacd227d84359ef6c917ab5228f
kasumi,f00f211312626775d4c02f9523831dc0
kagerou,8d73a2db6411fb4bc2b173bf054a1cfc
shiranui,dc0d7179a79378fa2e14bfecb7681933
kuroshio,1da369e4bdc068f7da0b044e164a22cc
shoho,bf7c8660e1939a07b97808a6aab1b313
shokaku,7c8e7e96eab7f99c72b4ed273d9195b4
zuikaku,319bc73a2335a5f1bb35bed96951eea9
kinu,5899d0ef49e9c7a1d79263c57b51e97f
abukuma,95616e9a8a6ea68e945e00021b25e28c
yubari,32c6e67f0042d78bc1a2cae4914acc8b
zuiho,82c9019cc46237415b5e2cd668b66db5
mikuma,23e44bce83bede4406f54f639f0940db
hatsukaze,720ff84cd78bfcdbaa4600f532779ae1
maikaze,cdec085dc8d0add300c03e24875d17b5
kinugasa,9b8ff226e789b052cd169d77d2c92512
i19,aaea37e1ff8645658bd555a6bf942791
suzuya,6ac442e9d179c418afc6ec7aeaf9b349
kumano,eafd7a58b1c78a428d52d628e3e9117d
i168,d7c69812801c8d8e12cbc5171bdc48a1
i58,f7aab105e2c242f5d9be280eb9c0c8f7
i8,5a32061159a30eeebb309052be870e00
yamato,349d0eb50c6742d31e33b6f69722a00d
akigumo,2037a42889724aae393d301e2ff74c30
yugumo,7d9e6baeb4c30f4860ecac7783d6e5bb
makigumo,879df256e677088624f561bd378a7b5c
naganami,76f30109bc87b70bdfa8e9cd4a1f1b7a
agano,3ad81682b9f9b7b05a8569764287ceb2
noshiro,4fd642ab3849aa9bb55a6483d7c5996e
yahagi,faf8ff6eb7830d49ea713588afc40f78
sakawa,038286e8f175b8bda8466a86a650916f
musashi,b61fd25a0abd01a16281522a323c9c3d
taiho,3cba15d9c58e9953b1111dee2aa4889d
katori,e804915e655d3bf24e52fb894ac16a44
i401,d39c9bf59fe7ec3094f7518d055b067a
akitsumaru,a2ada5010461017b2799e7f7187465a9
kamui,f8cf75433204dbdc0f67b14b0e4f6b75
maruyu,5c8e6ee7a368b5d396b2259f49a78714
yayoi,cebc4ca0075072373b8d5f2d3a20bb6e
uduki,1843980472b396d3a1885bf9dc61ac9b
isokaze,004df87c4efd45d138815ce6f0726f87
urakaze,9952b22eb6add936e9295e586d278f40
tanikaze,80ff68963460d33d4b51fb6394890655
hamakaze,425ae96055318a6a70d57028037225e8
bismarck,99114fabd06d2c83389c6145a0386a59
z1,3b770ebe9b04f171f0ead0e07d8e2882
z3,a61d1457beb4684e254ce60379c8ae7b
amatsukaze,cc23052f5e55636c3ee9b04ffeade59c
akashi,f58f440e0f956678ddb41c643abb5890
oyodo,a0cc19c015b211c3bfa5ffb530c77e78
taigei,43fbb33a2f9bbf0e69e58f995e200a65
ryuho,a3425b411e8f010483d75bda70092a25
tokitsukaze,ac82fe119ec91431b3e96e42abb264f8
unryu,280008e1953e513c0c01af9a49dcdc6b
amagi,fc55a0a3238b33b6c13fa46056beee8c
katsuragi,a3c62ea8cfc6fb0cac5a64eb5d6fd8aa
harusame,d08175c0ac1d3fd6486c7b944d80c5b5
hayashimo,41767fb3ea2c89342a45c6f8c76ff25e
kiyoshimo,96dc18837e44b4f99fd52b7aebed0ffa
asagumo,e1b45c909e61350769db751732960f39
yamagumo,4be2d73766a7e2fd14df683c146d4a09
nowaki,13b57db2479054cf0d71f27bf0701b2d
akiduki,dcad1ae97321e1c9f5d9dc9226c142f0
teruduki,f5b870b5188f6650644c908e56066037
hatsuduki,b2fbf80b74fa2b78338ae3806d13edae
takanami,b9e4f7128b8e11ad42a9ab4234cb56ac
asashimo,528e6774c50751f7a0cc402f0ccaacdc
u511,f29b5abf8b5b2f72465c11a6359e178c
grafzeppelin,cdeb9d5e5bb6da7f7685ee8e1b6e307b
saratoga,60fb256d0155871500806d3607d528a4
ro500,c4d88d7a2375cf4434c80c2751976849
warspite,1d4cc7162177a29480e2bd1aad7d34ad
iowa,7d176bf6a8a8b9f64c1c63824867e579
littorio,84a63ccb025cc736405e34a18540e58c
roma,2e92d188dbdbd88e7c15831f4abfe1fc
libeccio,d22fe719c3117a517ca6a679c01bd08a
aquila,92127b4483830b255a7f0615711607cd
akitsushima,94cd11a67f08f6a5f3e83359f77c54ee
Italia,2dd54eeecb4fc052da43cc77321ab74e
zara,b35f8922ff1d54a5aff55a1d4107e245
pola,a122348687da41bc148a756c6a6a3ee9
mizuho,918f750f0d73afa8f08fbb8dd3a8582a
okinami,89dab66a253e887137a5fbdd3daeb9ac
kazagumo,3c708b5dd82711ef1bd789e6de58c41f
arashi,b4a39617bcdbf38d940cce781c6c03bb
hagikaze,9ee4356c2ba8ab3f7ce6abe0f943444c
oyashio,70dc9758aee36366fe0365897c3c60c2
yamakaze,afc9b5da981697f9b49416406eb0e7c9
umikaze,427893fe669c850b1a391ec61d0536d5
kawakaze,0e1fcafe50be236ca891725e6aaa8db7
hayasui,17b16e8039ca8906aeb887d65dc57811
kashima,fe1ed67ba808f47d986c4343de0d78dc
kamikaze,ec894178b32d61b7b0fc75fb83d6f4f1
asakaze,7df8e44c755c45fd6ba86e1dcf2be80f
harukaze,c3263797f1bd8bf14965b3ca7d0a534f
matsukaze,28ea70fca2f1945225ee2c1d117f20c5
hatakaze,96f6f0441da2195b0c6a7d0df7785666
amagiri,9378c6b0a285fae7e0ff969f5c335fbb
sagiri,d5c00449b3d3dae17498696189b14f3c
minaduki,f005584d1516d725cf8b9cd7d36f468b
i26,837b0a1e2a61f66379165ce28ebde11a
hamanami,5d4a517c21e66c1e32c72befb25d361a
hujinami,5a2dd6bc375763c3c8549e42a04921f4
uranami,e66705853e0125c91bdf2048b2c8a608
commandantteste,37b11784753407bbeaa93facba3c87dd
richelieu,85563ba7faacca9c3aa8b13097ed21ce
i400,975d2126f727f5b9ca01b83345b80c56
i13,ebbd6de9fc8a3e5b2a07232bee589c7c
i14,773ffcfb75d1081d7431ebe3fa5dbb44
ganguto,318c00ac20a44727fb5471c9111dfebc
tashukent,9e5d657647392f099af621b53d5d0898
arkroyal,d265b9bf6380911ff54e0ff0db42e082
shimushu,23cbdcd7b512b6ebb7a575521618967a
kunashiri,9f606deb69340fac957f8aad3e037848
jervis,823cf6e8a7c67ab32a9832220c25081a
kasugamaru,1131f8915c5727c95975104b4da375d6
shinnyo,d7ce33ea853b61962a3685cf8ef46aa1
luigitorelli,e931e5b89cb1d2b79d4881e784c0b2f8
taiyo,0c7e36e98ef0e76308ee273174e6e158
kishinami,8534d50c6bd0e2e0f890acf92c286b45
hayanami,910a2983aad255b8156b175d410dc731
uit25,bc77643b695371e05bd9d1f9f1e9ccf8
i504,bfaf8298dd69165ce1edad55584abd18
suzutsuki,acab1e58487b70ae490ad0ab03a08c75
etorohu,cff0fa6405d7726e5f3504ca594b8f49
matsuwa,06e77c01a062bb8f26c3d2b2a1868fc4
sado,4f1aa054ed83438ae649d6ed26902f82
tsushima,511d2cd1d65f3d5df1d359a065bcd849
gambierbay,45bcb4625104a16afb94f3d6f453f1cf
intrepid,f816407dd0b81a5baedb7695302855d9
hihuri,7ce5f05c567062872378e4ca6eb72059
daito,387235ca678a2e0e6dbf149a790ea76c
samuelbroberts,0c46f1b8b42ce093b76972eef157248f
jonston,eba92e660f0560f1dded8769b4da0d60
hukue,24f89c4b07a1c59d1c01c3a5993c449c
nelson,a4e360681676c770121e891f8c407572
gotland,1ddc60bae8cb93c69c44320133445038
maestrale,54a785a62703b72de3a6ea1fd3efe9d0
nisshin,d182eccd404496b0e8bd3f51a905f1d2
minegumo,2b7d5e69cb6fecf07d2bb26fba3dcab3
hatijo,4793a5670451328e0d25a1afb61f9097
ishigaki,4494d27880f68bd10c6bfbb363524572
ggaribaldi,12ef4a6f0cb9f719ee106c4f0031e9f7
fletcher,531cf6e04ba45b3c088cd4d4d3cc3c36
colorado,2d5831578ea970d0cfa664ede08b5f3c