長門,a8529a1bdc2a7f517cffa2f0ed191d39
長門改,7383436fa5b81c024ad33f053f856b6c
陸奥,17e957768902e149a645185f9643a018
陸奥改,db76777f03cc516a71564b9893f8a15c
伊勢,75c3a04444978b80600b86e963940533
日向,9e50afc38b495d69124d604cab0fcef8
雪風,707f5d882ec5564417582ef9d6fa8b5c
雪風改,4305d9b7977e649d0c863ca3a9fc85fa
赤城,220ef2f67a0f7d26f791b9d8f2cbe4d7
赤城改,2f2daaa95d1c4cfafde3611cedd214fa
加賀,57d20f0d9bafcb802046ff41d2239d28
加賀改,526e5be6fc39656415ccb1266009d304
蒼龍,622b79d035e3ffc89e26da073c73888f
蒼龍改,7f37bed71dd59ae736f21e4ae6268e92
飛龍,fa51c8a8a0754199446bda431ce61d4a
飛龍改,77db1469cbc3d1006a4f429eaa4c95c0
島風,07d5a375e4fcabefa804dcaeb5b1994e
島風改,7c733d648cad9915f8c2e703b80fd695
吹雪,a5d1068906d94bc0f417bd6ee798e513
吹雪改,477656eca94cbf855f50e14681d5931c
白雪,34f7291dcb183e4b68c053382711da18
白雪改,b43ec16c0eb2cfe3f098c0465be49fc5
初雪,9faa856c8f385dc60abee80376f8595f
初雪改,bef25f2febf5384a82ae9c9927cb92f9
深雪,ff98d192bfda344032d57bf318614273
深雪改,c5ceceb1fa13651bf985c1d1bfb2e93e
叢雲,3efb59298fd62366ec00e27272c9e99c
叢雲改,774dd80e3ebe3418258428b599d602f9
磯波,3a9b46e8a10cdd2042ed8d62b5eda013
磯波改,a1e326af534e3733292501b67e4c9918
綾波,987f75d9e6c5e36e263e5f34a3225168
綾波改,59b306644790730eb0c4cc48c0239ef9
敷波,901d8a48c9b6960073c816ef6e4e3b9b
敷波改,96fd2244f3c716d26f05d873501d18eb
大井,5f9b8d2b00b21bc45c75ae0e02e48100
北上,ff2382338400ad6b2ced84f044848d96
金剛,01a05b485d47d831500c8ea6559d1ae2
金剛改,54f3801afadc3df371c474630fc2202c
比叡,cf1cec75a20c79aced777406802f84c1
比叡改,f4dbd2ea645f817a8818eb452b31c60d
榛名,046486010d5951b9e63d756218f5ec1f
榛名改,322b4941f13c5f1e6b633292ed3a2e8c
霧島,50ddfa8933a5bafb9f2f37ba213260c3
霧島改,81c5ef685a918cf47670d3a38d7450ba
鳳翔,7dbfa7a4589f1180e7c6231632c74378
鳳翔改,8374ba7a5e63ef7241742e0c9794bcda
扶桑,3e503f33567cb65bb7c810b69d8755dc
扶桑改,6099ba2b0eb83bbfc357c8f83083a08b
山城,0b3b518268bcbecb09931b4abad0184a
山城改,e38662c2767ac716d8f348360c58760f
天龍,f95f43863ea28cfe4b9f36459f8e8b83
天龍改,63edf51e2cc45f9375a9b28eb655a347
龍田,f1c30d4dffe5beea93d5dabd34a3eda6
龍田改,38185bcd11d395d97085b1b24da83bcc
龍驤,285c4b46380c63d085e1b2833c6ca212
龍鳳改,62362a8d385b4ffd59e1609cc5685f90
睦月,79b518c1ce3a63d0501b99e11acede0f
睦月改,db47f099805f284ced25606ad06095d5
如月,e34209962fba6a1181008e68fe93e535
如月改,72f9f58e585aa0f401bdd20dc9221f0a
皐月,65f9043a53c9c8ae17c2a78477746135
皐月改,82b08bf985717239ee2f45479ddc5d1f
文月,e8712a158a66d16deccde17e6511a10f
文月改,dbe0ff62b32b5f28be5cdeaba77476fa
長月,ea0d3c982fc7dcdb355ac91a6eeaa6d3
長月改,4f0d5923d51c525b7b807a8760198089
菊月,049a6dd7379e35284305f3ea02ca1be9
菊月改,bda1e3f5158022f160ed07225ef7ae80
三日月,c32d3275efa891fc7d8d4d8f8cdd724f
三日月改,e155e8b9478a97703c99af23d1eef8cf
望月,19823121b6b8ea3d2ee2849a93aa11f9
望月改,916ef48bd4b6ce58f99480e0abdb91d7
球磨,9594582bb37b065f89ce777be7e690b2
球磨改,65caefe49b71d29bdaddc3b353a8cfc8
多摩,d070a39bd1a5c081b66e8363027bf892
多摩改,749033df86c2b3ef6c88063d16658285
木曾,89454010a8708b4b01ea39ad8fe7f0c2
木曾改,f1313fc6459562171e6f07b08809874f
長良,bd51d978a03d938c886ec5dbe2c3ca94
長良改,24c1f11b2ed5e2ec635695600abd8dfb
五十鈴,0d2c18e2bd1b3b6958ee523801fde0a1
五十鈴改,ee032eaffe398a48883c0b1370602797
名取,4cb7f48e17bd2e24310e9ca05d4186b2
名取改,a3eaf42deff5b20ca49fa79e429fc4cd
由良,8d10ab160505bee38e16a10667a526ac
由良改,df9ec9a8d1b700e0e27055d25e86fb3c
川内,57edd87645fefbcbfc9061bb2083a67f
川内改,6d005ca4fa74f2b32d24a81f0f95b004
神通,e5ea90fb98a4ea6ec93ffd9e15a3827b
神通改,72efefb527f3581b5c71f5e338227cf2
那珂,f536b1793a6e5a7fae7f71b142606da9
那珂改,f50788e671c09ba24aff599bf34145b9
千歳,32dd974642649a1de31cc0d8cc2a3f97
千代田,07356d48a29eb3888960730fa985429e
最上,2780d2762dac75d225e33463dd69e9f1
古鷹,f69d69bf3346f86b0626183d484f2807
古鷹改,087a6d8792dfc4c03ae155180eb734ae
加古,7f33b030cd57078f586ba5490a563550
加古改,fb59f9837384ff766e77ac4e70d4f2f1
青葉,26319e97ef7fb309343141ceb3b50f48
青葉改,8779bc7842eea527d0160f848a0cc7bd
妙高,d7dc3f231ddf83e404c8264acc3dfa87
妙高改,1222f3be4cab186802c48cb8f6eea47d
那智,a3bb1f7ed527d2eed88a77362acd1d58
那智改,1b58bda0a77b6844b95ac314190009df
足柄,4652cbd5979e471ca9e6e4fc189cfb85
足柄改,fc1e8fde0677e9f3b12f366347779ce8
羽黒,9672a761dc8da2e05b838d74fe417433
羽黒改,215c17ae088c6fb7c76317e9c1ce1fa7
高雄,85758b78e13ab7d32e14c3ece11d9651
高雄改,0c0fb985218a329810ed5327772d5980
愛宕,9329b6678be766e65032c4e3f63a9540
愛宕改,d072d6c33478bf98a652de840b385fde
摩耶,ed81f2c1eafc2662dd69b1f7a3e7625a
摩耶改,a3d6a578a81d2c945c9ecd86b19a4a9e
鳥海,45ba7ba810d27df59af867b74dab9a67
鳥海改,7749157d135bd08a97ceb21ffd3e4a21
利根,af62bf30f73fc0f6402644ad25674c76
利根改,71672e0d76ec50143ab74152a243f6c4
筑摩,cc60846dafd8fe8906efd0f8f062e2bf
筑摩改,ca703a8fe80fd9a06d47cd0f541d1023
飛鷹,e31ab4ebcab304536225e75cf6d28204
飛鷹改,0cd9dbf76bb38a79d5a9bd1405202757
隼鷹,142209b6e8e620a292f68968475be57a
隼鷹改,568c6c936a9c633e56563067209ff7a3
朧,ee686e84e281ba6b7c05547429002271
朧改,7e8ebada50b52d1b803d362eeed02792
曙,fcdf2760898575b84a90ff30956bd9f3
曙改,ed22716446aa64ee0d072f1dd48c225c
漣,80c4d01ef9ccc37a47f5e4e380e461d2
漣改,5ab1e7341fb52e571f98814a709bd203
潮,d72557e289ae4bfceed6cc9267b176c2
潮改,93f7e3c34fd06ec75c3882f8063b8473
暁,69c1f870c2bb9ac4a87719613ef41147
暁改,2511c81e32214002a304334edcf63238
響,c49b20d9eba2f0a104a6675ab76e3f3a
響改,d69bd5e2f6f27a49e8a98a2b8484e54f
雷,65ad96dabec34a427d06dce3493a7bdc
雷改,4361614eb3e58f36b49e054abf478368
電,08b3cd6252a7409e1be9dd13286c3779
電改,452dd1ac4820daa69bb4f4d8631b9738
初春,ecbf4e7c1a028d70ee90e950ed69cb2c
初春改,f6b8ff897fae5052fefbb726595ab727
子日,fbc413bd8954a9d0be6fb505540cc9fb
子日改,6cfc70a128d11e6a8f6ce765dd165fff
若葉,820ae4d341ad14aec921845674623bc0
若葉改,1219681ce826910a63991a2ee899c42a
初霜,1b0590dd8d05a65e3dc43230484f4325
初霜改,0269ed759ec9930d23efd2afa873fc54
白露,2094f0a31a1a6465c18b89983d3de104
白露改,334f8cdb3b39c857cdce8e6ec222f8e3
時雨,ed9437aa370bdd43be8143387377dc52
時雨改,5fd6ef7ec7c88278d512721a740f2c63
村雨,0e8b039348d6a273f996262d30fc5837
村雨改,a72c1148db106a919fab68fbd8f65922
夕立,742395ad50aa5c0457938c402ebd7fa1
夕立改,94ffdffbbffbfece6203e7cbfdb8c287
五月雨,00d43d5505c76ef43ec0263ac6e0e7da
五月雨改,b9b4a406424117ca79d14a40ba5ea324
涼風,158de96210df70764a7baba3c06a65c1
涼風改,3b4438251a8988a6ac122b01482dbd60
朝潮,8242fa18aa9853afd7bb95f7718066ce
朝潮改,df70c6a352bd1a3bb66358f854004f0a
大潮,af868f418087518c3466ec733db721fb
大潮改,04b22015fbe2029f0bee36cb80742947
滿潮,d3dee8f3b132feade40cfd6cb8a29c83
満潮改,039bf37a7a31e788bc19fdfe5eb57330
荒潮,fb172a05f6b33671b6983776d28e93e6
荒潮改,58a05f76dfb8133d2f5b0fb25b6498ca
霰,3daa0b13ebbfbaffa181ff27da4dc671
霰改,ef73e2369f6b38e507445446ce8ec55d
霞,e1414ee8b23de32b15762a2755edbb37
霞改,20b1ae71ca999c44bd744524068f86ef
陽炎,8fc2970b4682202995db796053be01e9
陽炎改,e73be8d9ce514575158260a8fe2ffc88
不知火,eaa3f29363192a351021fd03907dfa99
不知火改,3d18af9f4c0dde0460144302a1b954d3
黒潮,2f4b70c3ff69667684b6d8842de65880
黒潮改,657c37ba11cdd383761d02416c85409b
祥鳳,bfb96d4b1cc0ab79294aefb697424770
祥鳳改,b3ed199f59f09463b939529e77d47676
千歳改,f1aaca9e7c7a209e07f73b6f045a0ddb
千代田改,7dd7871f22843a1e22cb9d6b2a8ce46e
大井改,46c6133584cabf76bea61c2ece76ef1c
北上改,98758b60eb1480b7da4e2291c8dc5c0f
千歳甲,bfc0b0d8ee32a9b0cf5918ec6737ab6f
千代田甲,235cce2cf511e4a5a5693c2dc7a5c4bb
最上改,51361ae5ec530819829f3137f596cf8f
伊勢改,46d97f347a17047dfc2e905730fbb919
日向改,e6024a33f45b6f21ab630dada71c52a4
千歳航,750acaebc4cea8e232c5858ae532f412
千歳航改,4e71327f1cf836733278695d55e34ce2
千代田航,7defd8530cbb39ed07e792378d2712dd
千代田航改,5488ae2d7a2fef267310351374e94c81
翔鶴,d39b43e9febadf3c1cb88069fc4b7a69
翔鶴改,03b129b1ad23d9c7c3104037e89a75b3
瑞鶴,c40d12fb2d49c0ed2a7d691ff9f74f49
瑞鶴改,aebfe7533925f7f9e0a17beedb221393
鬼怒,7e80940988b843a5e0eb11e67c0a10b6
鬼怒改,73a3b15f6444f6fda564fdfc594dbf96
阿武隈,4573c1aa3cf836414dc31072f79ffb0a
阿武隈改,1bb29e5858b3f2727c418883a8e8b3c0
夕張,ea90868198eee858b1be4fd8c44d6f0d
夕張改,2794a74d6c97cfeff6a81f1af9d56b93
瑞鳳,a8b0c9451573db8ec2a19b712c459eb6
瑞鳳改,7ff9dde978ec066723e70ca3762280fe
大井改二,d06ba8de43fd76a2d99a0903a02f0363
北上改二,da423ef972619e7df18282f131f2c8bc
三隈,10e4591de41217e15c8cb592b9ade41a
三隈改,2650db7cd3060a85c8ad4164c383080e
初風,a70dafab4adb66efa5a936c2e8d4893d
初風改,fda107e21f8db4be48bf57ad3281d32b
舞風,f0da5253170a4d4a623cf22c80b52821
舞風改,3a67dd94d593d6a13d7761a833129758
衣笠,99cad1e33690e556f4296e7e90eed38c
衣笠改,512095b279ec10df281168719c678b86
千歳航改二,dc7b72692d82082d8670f1f93e72bd96
千代田航改二,e022046e665ede9e953e4a76b3880a02
伊19,7ad3c2657f4595320bbfe3c8b7a3b585
伊19改,279c00710f1b2a2f13568be5018f535b
鈴谷,e62fc0b976e77a1e1d832f80527c20a9
熊野,fa6ec7bdcf96b1de13b0063d8438a1f6
伊168,e8c96eb0def011708c82ba831d65bfea
伊168改,4faddb881ebac14e6313ff59bed96770
伊58,3d9e218f05cc4dd438f4500dd653d842
伊58改,6788624675c52528b5a2ed6879b99575
伊8,feb3e86b09db0f4f09c46a2a7d88ad80
伊8改,2f7143c6998b7c26c0b9102d0ecb55f7
鈴谷改,8ca4934b2935ba12d3ceac3f4254d1a7
熊野改,714db236292b43f60bf9b6aaf4aadd1f
大和,242873e8b009b0156935f2f9760a336d
秋雲,cd54f88dc27166fe9413aadd5737c3a0
秋雲改,ac934d4f7967c2fe05ce692beccec5f3
夕雲,93ef53b7c1ecc23cbf089834fbd87229
夕雲改,12bb63f6aa06e27c7446b02d91567021
巻雲,02aadcd8afa79b9b2457fee603a7e1d9
巻雲改,5f452f5976557c8172f9775f20dd8a0f
長波,591d0f1d55c435bc4b74883e94dcaf36
長波改,fe5955c6dc7ee03ef51c8fd9f9e687e5
大和改,9d0b219be35e4bc777ffc21881d50802
阿賀野,d95ad53c05028ac3a93380787f6ddffb
阿賀野改,32851c12f87e95f36b3faaba9fbb8bac
能代,e1924277c3ac3c298e9b671fe2929516
能代改,d2f080dccbc2407f358e1ac955a8755f
矢矧,135d2ce220be3e151bbbfaa408f94032
矢矧改,c3e30d3d89ceba37d71db38021bc16d8
酒匂,d7ab0c37acfe9bbf6163f10fb9802089
酒匂改,129beb519770f362d396618bd8c6c663
五十鈴改二,324422d3107753cc66aa53baa10718b2
衣笠改二,68ed0a91ff693d80e3a2cdf00d72fa74
武蔵,ace923a11479613e4aac5a6d4fc6e35e
夕立改二,143ba8f43acfa16670fb4c9ab47afb12
時雨改二,f5a928e9012852a316d0ca0243d3894c
木曾改二,376e9ba1304b291a1cead59e171ca573
Верный,f77a46451b591d9985462706127759a1
武蔵改,634c4c2cefbdf32a9c2df7446dfe17cd
金剛改二,ce41c830c1fd31a6ee7f6d3f3ffb4987
比叡改二,59bcb5fe9c9c323fe7d6db4e56a68cb3
榛名改二,f5214421adea871a8ee1d02847523245
霧島改二,530a4ff9eec439ed4bf8c3b9ba782a5d
大鳳,42eaf9eabe4e8ec1bd13638428bd14b4
香取,569a1b4eedde7516b9495b9aafe91fb4
香取改,c341212492ad8e22cbecccac123466e8
伊401,8c42fb899171a808c51a2ac7315c18c3
伊401改,be005701fc264ff0d2ad1e549c68e17b
大鳳改,fcad9b81a91d3a34d0881df093bfe913
龍驤改二,de49620ae3b7422628fcf7a0abb1682b
川内改二,d9ce2eea8afbbf59b98247805de87ce7
神通改二,ee7549a9a9a8888fb71f30410c8713a9
那珂改二,6a247057d56d90fa0d3cbf991f789ca5
あきつ丸,f8c58ff890d7d765afc0b5668fc933ff
神威,87e16b195d3ff33e87b85bdb39eaafe0
まるゆ,8d10e3b5223596cf8a12713d0adc7a64
まるゆ改,63d7e6dcc8d2351b226588dd85653a42
弥生,d935208a53e7b7b98b9aa139b25246c9
弥生改,6c2adea8aefed152b38fff41801b6d44
卯月,e8160e5a8ae84f905aa45fbd9ad49e6a
卯月改,46689fed44fb7d8cf268bbb68848e354
あきつ丸改,a7f7ef73f1ccc7fef4b3d67f5607b8c5
磯風,2aa0dd77e07a37490320272585efe1b2
磯風改,44eafcbd453859001826bc807292d242
浦風,58a9402e1cd0a51382132eca6e867b98
浦風改,a6c7f9272da0230b5e4a32b5a841ba4d
谷風,d37bb818717589479a6db19f99f4debb
谷風改,444556a092ce5f187b8372b6bb0f1e5a
浜風,aa73b6e2a6dc6b72544dabfb81745212
浜風改,747bb23f2c21a975e46aacae7bfad3a2
Bismarck,36f0570990ac5402b2ef514d36b0435c
Bismarck改,53bd83267f7b83d1a26da908e35a4e54
Bismarck zwei,1a563c32df61a3244dad656217bb99bb
Z1,2871a030d5f4d04037a9b6f405e19c5a
Z1改,6910b79c8f5dc55f447ba4f44a64ebde
Z3,70e31ac6776e733109977f8afdd234ed
Z3改,de47ba54880364c879851ce225a3d340
Prinz Eugen,17e2dab9795b1b93bcd41d8a46395d78
Prinz Eugen改,0b73d80b2d843fe3fa22a03163a87661
Bismarck drei,d941eb47fddbb1f38c3116f52fbd4bff
Z1 zwei,6fa81529cdb1d384f09ec75812a91d9c
Z3 zwei,073349c9a944ede6b53313dd8b6cddc7
天津風,e9a900c442d1b53e8939027f93ec7421
天津風改,118ca8e8d230b76ead409fe90de331a5
明石,bad7976d92d5f7abac8fd37e702639f1
大淀,bf03bc4abd5bee486480fcdef320fed0
大淀改,48db6778db9da101bb1f71e84df21e6b
大鯨,e7b31a86bb1ac3b484fe0f3493e898b8
龍鳳,fc15fc62f10d7b7dd525eeef82f94644
時津風,c113b00437286559c901f7d9fee7ad6a
時津風改,b869dda748a4b7f8aacaeab7d4aa0d76
明石改,1573552032c780d1857541c392423176
利根改二,d81a0f0002282b2e7f779c501a458431
筑摩改二,305b5d0e25b81c452c37ae421bd33ae2
龍鳳改二,3894f4aed98bf710a36c6b4b9ef79f36
妙高改二,f2aab7777d5753c10d40bae5a3db0f1c
那智改二,66493694301f1afd9c21f8ea12e27144
足柄改二,d61513c430f9d492add0d2a823160b86
羽黒改二,ead464ef238e6c0e006a01058d7c2f7e
綾波改二,43ab57134e1562a1e5ecd87a10af587a
飛龍改二,996e601caae1094afdbcfa1284589bb4
蒼龍改二,da67345ec382e92bb9c275eab849d9fd
霰改二,c0582a175176205e83c3d9eaea0fee36
大潮改二,66b7bc76f5ca02d586d572abf98ee7bb
阿武隈改二,b194a83208a9fe2c98dbb9a5c7745cc6
雲龍,f0f2b9005d6c67f7c912f755ac9cc454
天城,1aeda493ed36b99d99638da8a0aa4b37
葛城,054dfa725a55570339d6fad4be9c3b63
初春改二,adba39f8f678d6bbac01b9bedd210d7b
春雨,db1fbac53dedcdead4758c35b2e48b4c
春雨改,6c99a90c2dfb9891ce7ac0bf99833723
雲龍改,422a05e71735059305ddf5347bdc4c4a
潮改二,10c8a6324296ff272e139404207d4c8c
隼鷹改二,00f61f1e09049ac8e71cd2350ed53d51
早霜,c5182414fcd883a465f1b19a5935d425
早霜改,c63d3242227a8bc23477f4fa1c7f328f
清霜,4d9f50054dda417c44f3c6b06974a333
清霜改,f375a8c569d1fbb3c33237288211ee56
扶桑改二,cfbd18fea6a4e58707e41e20586161a0
山城改二,f8a7f26384e4f82023c14b801ee88331
朝雲,0ec3e366d5099ade09f930c098ef1631
朝雲改,b427b859250dbe038bb08470cc25b4da
山雲,857290ba942e1784b86a503567adadba
山雲改,df8e159ab995c1d1331bf67c700491bf
野分,d9ac2633bb065b79f9376cf0523a3e11
野分改,6de71d9365ae009e48d5962be61daaff
古鷹改二,db4b84d40eafd5f6e0508b4c014faa97
加古改二,ad7c77b11c0500833c12073516e176a1
皐月改二,b7dd784fff7aa3a23ecc2824730ee308
初霜改二,0558d783e12676c52aee9c8ad67100f1
叢雲改二,54a7d107fa04a5fda4d65ae722d73cfd
秋月,8f04061a29b15ff8e3fdc8397eb2f4f4
秋月改,3820e120783991058b25336900cbfe1a
照月,5b522365b376706c776153b6736debc7
照月改,61506573c6ce77e8ac0e439866ed5629
初月,7d1537673e21eeb44f7a22bb62a8342b
初月改,f970e90388c74bf43a1ced85fb6ef1d6
高波,2b51a1874b040deebef83878a8996335
高波改,730e91959ea12053c9f8a58558eedc7f
朝霜,4da0e5150158a7a92d3fc55f922c113f
朝霜改,1affab66bbfcd8722d5d2e5fc455804c
吹雪改二,b6fedb7dd95d0c955b85e4f82b5d739b
鳥海改二,14ae0ccf7610293ff84bf94b506401c3
摩耶改二,7bba4099840a1ac70d73a0cd26f92852
天城改二,3123dc288ff0f64d54b4b91cce0347f4
葛城改二,63972e985551b419c5aea320d594a2e8
U-511,87e0d21a85b950fabfd86b42950624f1
U-511改,1d47ba3897d4b3caeadfb4cdd029f44c
Graf Zeppelin,37a05818c81547e4faf432228b0856ed
Graf Zeppelin改,111c2c8f5abb4ddf85c57ff056417d64
"Saratoga	",8d7eba68f11995282d3ee928bcab77a1
睦月改二,f210b0702388b1a3dc1bda739b0cbedf
如月改二,9dc93254931ae50d0ab5b845d946638e
呂500,2f842445d3e7ad4061df0f6ac6ab0740
暁改二,dcdd693381d292d0a9695f42835e9c0b
Saratoga改,d327f71ebfec4183a88b0c9711f5c8e1
Warspite,fdc08f9fc0a483321b769e03d2ceb56e
Warspite改,665acf95a843207c9a9a7110d841b45a
Iowa,0daaf4a9abe3920c453a7f1f82a9bb19
Iowa改,b91f0f242feeeddabdc42b558e4bbf45
Littorio,c4c5fa8d7131e7f7a10515656f32ef8a
Roma,e82fd46b0550431fe786eaa614549608
Libeccio,e93ad0dca04c275e172cb5aa5b1deac3
Libeccio改,7f1f56c6414287918e5fe91df7c8c3ab
Aquila,e5dd32c7907e746d4cfc6f9b8f867d2c
Aquila改,3c9b43db112a05f0b5aee09ceedbfa22
秋津洲,4d3d317288e16aa2008093f9db51bb9f
Italia,2dd54eeecb4fc052da43cc77321ab74e
Roma改,afaa7e8d36386ed10fab80ef5f418d94
Zara,f8c2475361c649af0f3bf7c2e2aa5160
Zara改,91df7a6f65ea9ab5a5b6971fde4a4d9a
Pola,9219ee9e1eb760ce3bd97532b5ca05e1
Pola改,6f3565cbbbfaf57bf9d1e935670988b3
秋津洲改,d5a8d30a70d1691f635ca5c945f16ff8
瑞穂,7b1a7f6ddaeef7df03142fe71ab7eccc
瑞穂改,73b4bec35b3a67ec5e686efe57a945a4
沖波,a379c11c94ec0f7aab633d126423cbf0
沖波改,3f9b2262a37612f2ee9c56de1cbd6a27
風雲,9975db925c9106a440df15f2d21a7934
風雲改,a6d6a69d7d3ec89b5ca2d7fc1f38977c
嵐,87c58dabc36cf2256489e8c5966f5898
嵐改,ef60878738030dc64291eb79cb2d5ab8
萩風,b4d43819941b21c860d2d189a598dc27
萩風改,da9b5a3025adcb3f5e82c3723f9fa78f
親潮,bfbc3de6907e3bd3d93743c2e1a029d1
親潮改,b9363f1d61a4f345d7669a5450476456
山風,defe065c7f09bd7ee43f2c05dff4f4dd
山風改,aa4addad1a731b755010a287cf69ac0c
海風,a0fe0485c860955a7b00dedf53e1f177
海風改,8016fc6d15916fe95b2870a73a5a1e7a
江風,8003c6a4c1d9cbe3226b822ef070ef6e
江風改,02a32a55a568875c1d9573ce7aaee4b9
速吸,be80e81e00a4cd0cd0c7ac551d778d1b
速吸改,5f821a2f525ef798953f25f0d406c866
翔鶴改二,d333fffa6546b66da0e83d3fb9a74bbd
瑞鶴改二,e28d1fadbfb59298a569285c3f2bd0ac
朝潮改二,928a9525083e5bbd20af222e39c90add
霞改二,5a112411df852ba2efd2bf4df8a0418e
鹿島,2d21b7a926480d261784c3b7ecf0f18e
鹿島改,19bd1b0ac189b3e95885cdc0a57b0149
翔鶴改二甲,694e54952631502cfa37973650e12166
瑞鶴改二甲,5e14e9a9116f61ccf84d744fe030fa0d
朝潮改二丁,e01a8ae143e30f4ca46bb4b5f1bdf3f9
江風改二,bde6d53e4297b301fa0a55a72a71c1b0
霞改二乙,92c4c0cbf3ec7c7a652ea336a4ec1e39
神風,ff1207b1ff9b9381e2dbd59e9ae1d186
朝風,98940568d56e0778a575f51f9ca58e9d
朝風改,7988f331ea3141e378d600c45dc16392
春風,78fb58ea1336a8bcf05227f650bf3066
春風改,43bfe2d38b0170119618e4d55c7428e8
松風,dca49bbf61636ea8ec1ddd9cb592668b
松風改,591a16a020857c88de294f1fcba733f2
旗風,476ad2e6022649b06b018f08d4bb8f87
旗風改,3f0f9eeebd29e790f1064d24f2c53562
神風改,5c7a9e9964a7c22dd1158de2698e15f6
天龍改二,b3db6c2b48504e7460d1aaf846d847c0
龍田改二,f6cb5f3388892bbee8ae9eee1450cb9d
天霧,bff8b568e236f4a36b960aa3c8cabb49
天霧改,c1315c83a78ef93fb8dd7c9c213b6d39
狭霧,b96c5874e3654dfdb9506d5a85d52ec3
狭霧改,b40fcc7bdd48e544affaf7f5c9a6f6f8
水無月,8811a3560c1a5451d6fc2802b1e1bce7
水無月改,19406598aeff5778166497634c6095c9
伊26,d822b5167fb6edf3f2397d48e37332e5
伊26改,ad8f96a9c618ddb4e66b85c5f4b2fa09
浜波,d83a72ddabe23118ac724b65fb43165e
浜波改,92fc696e2d3b50b4f06d5f34eabe4cd7
藤波,f857eed60f68b77bfaeef31abe85612f
藤波改,c734164b0437f534f63b3c0c874bdce5
浦波,966c3fad2f6ae572cfffa649ec9342fc
浦波改,9528efc4b81ed29b0abab650f71a253d
鬼怒改二,ebb005309aacb41da23f86a3cdb2c336
由良改二,229a065a53fcad1eb5ffeffc92aea29a
満潮改二,3d8be785cfe461f7d069781c6837b0ed
荒潮改二,b28cb93955a738937fd8780b754d0d1c
Commandant Teste,3917ed0f2d82b0cb69e99ab661ea2ea6
Commandant Teste改,e800799c8fdaa7535d99ec7e1707eac7
Richelieu,f645ea260d96d6f6cd1ec6c2847c89da
Richelieu改,f143016faf4734509871c93dba38531d
伊400,f803c12808141583e6d766b17211a1b1
伊400改,6f09b6104d226f379fbfe45b20c7762f
伊13,dfd890c9ee817dde91a5223568814cc5
伊13改,d13981373478abd02cddebfa1904fe6b
伊14,ae233ddf0e2fe89dc61f60fa37dc18b4
伊14改,df93ac6f456e19244ef429507f8a7b10
Zara due,fff51954d7638ebc2cd9e0f1a1904a39
白露改二,866ba5ab6fdcb763c8f4a17aca15de50
村雨改二,80cb9a974bf02a89be1d61b1fa2a7376
神威改,71bee3084924e2adc3a7252fdface2ec
神威改母,998302cc11846138a74c5a7069d089de
鈴谷改二,805a8f3ac325bcb2c5ede46e1a365a50
熊野改二,9c0c589d17da895aceafb15a05910db3
鈴谷航改二,c0179f7df57829825b40c4d6c4de5204
熊野航改二,38ed483ca8bc1a2536bc827a5aed95d4
Гангут,5fec387879792e1d728fbe90014b604c
Октябрьская революция,095862faea81ad15ee2ca07fad0c6558
Ташкент,a48bbe87f8786ec383c03bd6f7b846ac
Ташкент改,706d1ca56dffb58fb83c0e3be0dec498
Ark Royal,cf44e1a4ea5b037c5590be6e2cd98248
Ark Royal改,0f9fa0d0a92615f259706f32c2eb620f
Гангут два,5f937e700b6febd7e9c2704de9e21c18
占守,5421bdcf970134a04e4a4d25debaaf3b
占守改,cfa362d6ffce00df11bc8b7739b79ede
国後,16a3fc72f46d1df1d21c55e1473618a2
国後改,52dd9b6a132a99cbcbfecfe5ff937c6e
Jervis,656f6a5a5074a0e48557da99bafa91f1
Jervis改,471f3970da8d1a246d882481e1982588
Janus,e0e30ab4f1b5ab83162a4f401a6ecff4
Janus改,ac4a6ad5472042f6a9ce97d5b91402c1
春日丸,23263a36bb48006b7e856ce61ee029ea
神鷹,5f857f836552bd43bc4ad40c35108bfb
神鷹改,b0f294748f612a79abfe77a420d08edd
Luigi Torelli,f44c295bb504876c833b7b706eed0e10
Luigi Torelli改,f60e5cfcde7ece6287d206b6c3379119
大鷹,3c02c5469ae28d31faaabf382b62a21b
大鷹改,c6d59253d43e82e0b43a512b36d2559c
岸波,560d09b1dc62ff6c77134e88eb939736
岸波改,3d825e39d859e6d3bcccbccf352aeb25
早波,2bd12f49a21bfafcb790d86a8e76c241
早波改,2d416f58dbd0976e37e5d055d44a3d64
UIT-25,c23b27e93396f1f44d7523e77b06e7aa
伊504,9ecfcff9d008e76e945986f71f50b214
大鷹改二,4dc5769a0f9bf0e6a0402c806f36d25f
涼月,f3dbb33d5532f54ce631266ad8f0eab6
択捉,c89be951a240d60a4183f333c9216fb5
択捉改,5794ae6b932a096442ed4115860d22be
松輪,66c290085d0807590407e57facce20fc
松輪改,dfa99aa77886064dd928d6a5c556714b
神鷹改二,bae1651c762d0fe58a217c59b784cacd
涼月改,689ebcba6d4270986a0bb9e6dcdb84ee
佐渡,396f1cb237549bfda5822773f6a3a22f
佐渡改,2936c58a4eaaa06388ca9a7f97dfa441
対馬,dead5ea3843048bd45538a616aae8cf8
対馬改,975844c1be0cdc514f5b8230bac8c0f6
長門改二,5347265956287613bfd5f5eeb28dea96
夕雲改二,86d96a9996458472892d9f42b796e1ec
長波改二,971c021a637635151f55ecee821138bc
Gambier Bay,f747d450ccff6998306e8572ef38be69
Gambier Bay改,6059106eb7c01ef07c0a4d0850310422
Saratoga Mk.II,a7a07e2902815a202162eae5cef7cf02
武蔵改二,8f583a3be3fb2fd66bf2346c4ad786c9
多摩改二,95892d9de7f5a9b9e43dc5ee62d491e5
文月改二,68964849b4bc830aee42a700df888322
Intrepid,a537797c6c542366c2b551c67183e7e5
Intrepid改,2ca2df87c1a13b99f427a3db0d5014f2
Saratoga Mk.II Mod.2,b792c0724cb1e0dab7c153d04150f369
日振,ae329d1fb970bb67afefcdbce240810d
日振改,e3b5e4126de9c08e3df0ae7a1a97d640
大東,232da11fd86c4dc15a8c2d7221579c2e
大東改,f9129bbe92c40a9fbca7872bd95caaae
伊勢改二,f413d984aa0a84acb632a408f336aeaf
日向改二,63107469a2c06c9256e1588eb0a51095
瑞鳳改二,cba73593f3f5e2d53ac4cbde2cbcf7ce
浦風丁改,f40e14d7770ace7a52a24910c1996f82
磯風乙改,ac2fd4155fa0b2f477bd728642880b53
浜風乙改,e1c67ab3a3ac70be755c4fefef1d17b5
谷風丁改,301a86e8f408cac1d91f882829c7231f
瑞鳳改二乙,79e59b21716e1e52fd329c8b30faca38
Samuel B.Roberts,8eade28e59de4b6f4ff4e8db0020d4fb
Samuel B.Roberts改,e5d1494723634a0f1b0512382b3864d2
Johnston,2a6707b6b439cbb234bd95047cc34a3b
Johnston改,bc83b44dad8d8b6d67e2eaba8cbdcfef
巻雲改二,11344b1f29b740e0b61b1fc734d372ba
風雲改二,8e92a49355843c52fe3f3b734546c2fe
福江,2fd33fc5671764143a70d49679f0132a
福江改,cb448f4db3b07449983c141e3e910050
陽炎改二,0fc7868148c079c82a44c4d38aa25c25
不知火改二,94d0f25662b769ca4c525347d4eb48bb
黒潮改二,e92f8cf96a26ac17236efb25b62ab188
Nelson,573ad19d284b4fd9d735c99dc94af893
陸奥改二,c7254986633d4aaa64fe34340a9d2076
Gotland,82d83754b9757f91ae7c1731953280c8
Maestrale,cfc632c8809b765663c0703b15955825
Nelson改,917e202fe7f70c90185c565f26a794bf
Gotland改,5e5e45c1eefb342ed2316a31b1b6b1e4
Maestrale改,516e886280ecda80c0ce3a27459aa544
日進,141467577c1ee24d97c6163dc603ceef
日進改,67b6a416b59fc2a0a10e0f6662e1bd2a
峯雲,e096d4b1af4040d7595e1c506fa419c0
峯雲改,7a08cc8bbb0f47604195b95d65cf59ef
八丈,96e30f26201f1a7c7ec13f8949e8f6b1
八丈改,04fc05b69ace665de9bb393cfa33c280
石垣,a034e3caf515483eca5ef184632b206e
石垣改,2157ef35eb7f6079c7aafc6f35d75510
日進甲,c27f64c25f50e0cb5d51863316e3a889
海風改二,6bb759e59613a4840eb1b53c73bfd707
L.d.S.D.d.Abruzzi,a5069748b24b0eea02cf01c1aaa85b33
L.d.S.D.d.Abruzzi改,1325c4e9901578209668c2b179e7599d
G.Garibaldi,5ca54edf645b7e3132d3399796a97d46
G.Garibaldi改,dcf6eb388bef011583650a40e4295f42
金剛改二丙,8030de0089442e970a0717a3f828e5eb
Fletcher,70da49b0ed5c574569d74c77c6940e66
Fletcher改,04c9471213933ba67e3863fa4302ce4a
Colorado,15e49475e42539feed93fc5cce25d3cb
赤城改二,9a67630013af851e2cb0d836294e0a6e
Colorado改,efbf352b243ba9bc78f7b826e32ffe30
赤城改二戊,57e8931081d5c79735c6b334be81d61e
御蔵,012a82cb643f5942cedfa4c6d2d6afce
Grecale,b55ebf66980258a1812c23ee3b169e6b
御蔵改,36e2753ec4213fe052c1a5af3f2ed9b7
Grecale改,5514b13533510879153db03d78b4c8ce
